Guide,Score
GGGCTCGGACACCTTCTCAA,4.830651760101318
CTTCTCAATGGGCTTAATGA,4.151569366455078
AATGGGCTTAATGAAGGCCG,4.031700134277344
TGGGCTTAATGAAGGCCGTG,4.705573081970215
GGCTTAATGAAGGCCGTGGG,3.2081761360168457
GAAGGCCGTGGGGGGCTGCA,3.511401414871216
GGGCTGCACGGCCACCTTGC,3.6135783195495605
CACGGCCACCTTGCCGGTGC,3.5378365516662598
CACCTTGCCGGTGCCGGTGT,3.1257200241088867
GGTGCCGGTGTTGGTCTGCG,4.877998352050781
CGTGGTCGAATCCATTTCTA,3.8549137115478516
GTCGAATCCATTTCTATGGT,1.892134666442871
CATTTCTATGGTCGGTCTGT,3.705174446105957
GGTCTGTTGGAATACGAGAA,3.4597508907318115
GGAATACGAGAAAGGGACTC,3.9079177379608154
AAGGGACTCAGGATGCCGAC,5.413278579711914
TAAGACATTGAAATATATAC,5.145443916320801
ACATTGAAATATATACCGGT,3.4943301677703857
CAACAGACCGACCATAGAAA,5.05525016784668
TCGACCACGCAGACCAACAC,3.8685410022735596
ACGCAGACCAACACCGGCAC,3.912849187850952
GACCAACACCGGCACCGGCA,4.63559627532959
CAACACCGGCACCGGCAAGG,3.4064135551452637
GGTGGCCGTGCAGCCCCCCA,3.9079930782318115
CTTCATTAAGCCCATTGAGA,4.770610332489014
