Guide,Score
GGCTTCGCTTGGCTTAGCCT,3.4458885192871094
GCTTGGCTTAGCCTCGGGCT,1.9333935976028442
TTCTAGCTCTACTTTTTAGA,0.5000636577606201
AGCTCTACTTTTTAGAAGGC,-0.22127699851989746
TTTTTAGAAGGCAGGCCGTC,3.26603627204895
CTTCCTTACCTTCAACAAAC,4.085704326629639
CTTACCTTCAACAAACTGGC,5.134597301483154
CTTCAACAAACTGGCAGGTT,2.725050926208496
CGAACCTGCCAGTTTGTTGA,3.610538959503174
CTGCCAGTTTGTTGAAGGTA,4.10861873626709
CAGTTTGTTGAAGGTAAGGA,2.475245952606201
CAGATGTTTAGAAACGTCAA,2.6166205406188965
TTTAGAAACGTCAATGGAGT,3.3676323890686035
GGAGTCGGAGTTGCTCCTGA,4.454631805419922
ACTGAACAGCACCGAGCCCG,2.650733470916748
GGCTAAGCCAAGCGAAGCCG,4.848464012145996
CTAAGCCAAGCGAAGCCGAG,2.3035075664520264
