Guide,Score
TCTCCGCTCAGCTGTGCCAC,2.364497184753418
TTCGCCACGTCTTGTCTCGT,3.9734723567962646
CAGGGTAACGGAACAAGACG,3.5205445289611816
AAGACGAGGTGAACAAGACG,4.218663215637207
GAGGCCAACGAGACAAGACG,4.387507438659668
AGACGTGGCGAAACAACCAG,3.998518943786621
CAACCAGTGGCACAGCTGAG,3.6247432231903076
