Guide,Score
TCTGCAGCAATGTACTCAAA,-1.1375725269317627
CCTTACTTTTTTGAAGCCGT,3.800297737121582
TTGAAGCCGTCGGAACACCG,3.63142466545105
AGCCGTCGGAACACCGCGGG,4.637465953826904
CCGTCGGAACACCGCGGGAG,2.5132830142974854
CCGCGGGAGGGGTCAGAGCT,3.3840250968933105
GGAGGGGTCAGAGCTAGGAA,4.530670642852783
TCACGTGACGTAAACATTTG,4.893876552581787
CCTAGCTCTGACCCCTCCCG,3.9368529319763184
CCCCTCCCGCGGTGTTCCGA,3.150442123413086
CCGACGGCTTCAAAAAAGTA,0.7315042018890381
TTTGAGTACATTGCTGCAGA,4.066627025604248
