Guide,Score
GGCGATAGAGTGGCAAGAGT,3.685659646987915
AGTGGCAAGAGTTGGCATGA,3.157546043395996
AAGAGTTGGCATGACGGAAC,3.8415019512176514
GACGGAACAGGCAGCATTGA,4.246960639953613
AGCATTGACGGTAACTCCAA,5.020022869110107
GTAACTCCAATGGTACAGAG,4.844789981842041
ACTCCAATGGTACAGAGAGG,5.067427158355713
TACAGAGAGGAGGATGAGAG,3.2791595458984375
GATGAGAGTGGAGCGCCCAC,3.8558764457702637
CAGGTCTTTAGCGACTAGCT,3.4494826793670654
TCTTTAGCGACTAGCTCGGA,3.8341033458709717
AGCTAGTCGCTAAAGACCTG,4.325246810913086
CATCCTCCTCTCTGTACCAT,4.485299587249756
