Guide,Score
ACACTGTAGTGTACCCCACA,2.532663583755493
AGGACGATCGTAACAAGACA,4.709199905395508
GCCATAGCACTATTGTAGAG,4.3217926025390625
GTCGATCCGTACGACGATCA,4.455438613891602
GTACGGATCGACACGAACAA,4.5143303871154785
GCCACTCTACAATAGTGCTA,3.1787819862365723
CTACAATAGTGCTATGGCTT,4.127546787261963
AATAGTGCTATGGCTTTGGG,0.5732648372650146
TCTTGTTACGATCGTCCTTG,5.332151412963867
TTGTTACGATCGTCCTTGTG,4.830773830413818
