Guide,Score
AAATCAAAAACTAAAAAACC,2.8609519004821777
ATCAAAAACTAAAAAACCCG,3.448826789855957
ACTAAAAAACCCGGGGATGA,4.508270740509033
AAAAACCCGGGGATGATGGA,4.382869720458984
GGATGATGGATGGTCAAAAG,5.184299945831299
TGGTCAAAAGTGGATCAGTA,1.6530020236968994
TGTCCACCATTGTTCAAAAT,3.930104970932007
CCACCATTGTTCAAAATTGG,3.0509374141693115
TTCCCACCAATTTTGAACAA,3.494508743286133
CCACCAATTTTGAACAATGG,3.8589789867401123
TTTTGACCATCCATCATCCC,1.3349711894989014
