Guide,Score
ATGTCGCAGAAAGAAACAAA,2.761828899383545
TGTGTCTTTCTCGTTCGCCA,4.319464683532715
ATGGTGACTCAGGCGGACCG,3.383262872695923
ACACAAACAGCAGACGCAGA,4.666134834289551
GCAGACGCAGACGGAGACTG,4.1475677490234375
