Guide,Score
TGACAGAATTCGCCAGAAAA,1.5205647945404053
TTTAATTCCGCTGTGTTATA,4.194931507110596
GTGTTATAAGGCGAGCTAAC,1.330293893814087
GCGAGCTAACAGGTGCCAAA,3.584979772567749
TAACAGGTGCCAAACGGGAC,0.09231090545654297
GAGAGCGACTTCCTTGTTGT,3.6575396060943604
CAACAAGGAAGTCGCTCTCC,4.405114650726318
GTCGCTCTCCCGGTCCCGTT,4.8577094078063965
TAGCTCGCCTTATAACACAG,4.157702922821045
TATAACACAGCGGAATTAAA,-3.3744022846221924
TTCTATTTCTGCCCTTTTTC,0.6437718868255615
