Guide,Score
AGGATAGTGCTTGTGTCCAG,3.7861125469207764
GTCGACAAGCATACAGCCCT,4.565604209899902
ACAAGCATACAGCCCTCGGG,4.436431884765625
CTATCTGAGCTGGATCGTGG,4.355255603790283
TGAGCTGGATCGTGGAGGAC,4.276961803436279
TATTTCGACACAACCACCCG,3.7707386016845703
GCTGTATGCTTGTCGACGCT,4.501921653747559
TGTCGACGCTCGGACACCTC,4.298592567443848
