Guide,Score
GTACGCCTTGAATCAGTCGA,4.042935371398926
CCTTGAATCAGTCGATGGTC,1.3706398010253906
AAGAAAATGGCTTAGTTAAC,3.930999279022217
CTTAGTTAACTGGGTATGTG,4.17019510269165
CCAGACCATCGACTGATTCA,5.193538665771484
TTCAAGGCGTACAAGTACAT,3.526301622390747
