Guide,Score
TTCGTCTTGTTCATGTCAGT,4.733428001403809
TTGTTCATGTCAGTAGGGTT,4.371434211730957
GGTTAGGACTATCTCCGCAT,4.537622928619385
TATCTCCGCATTGGACCCTT,2.7342965602874756
GGACCCTTTGGGCTGTTCTC,2.027677297592163
GTCGTATCTGAAACGCGTTC,4.721322059631348
TATCCCAGAGAACAGCCCAA,4.679813861846924
ACAGCCCAAAGGGTCCAATG,3.7783992290496826
