Guide,Score
TCTTACGATAACACGTGCTT,4.333050727844238
TACGATAACACGTGCTTCGG,4.893257141113281
GCTTCGGTGGACACACACTG,0.6765754222869873
AAAAAAGCAATTCTTCTCGA,5.1403303146362305
TTCTCGATGGACAATCTGTG,4.303473472595215
CAATCTGTGTGGAAAAGACA,4.836522102355957
GCACGTGTTATCGTAAGACA,4.299969673156738
AAGACATGGTAGACGCGCTG,4.417903900146484
