Guide,Score
ACTACCTGAGTCACAATCTT,4.383101940155029
ACCTGAGTCACAATCTTCGG,3.9520530700683594
GTTTAGTCTTCCACATAGCA,5.499598503112793
ACAACCACACACATCCACAA,3.326453685760498
TCCAAGAAGATTGTTCTTCT,3.2925894260406494
AAGAAGATTGTTCTTCTCGG,4.415074348449707
CTTCTCGGCGGCGACTTCTG,3.4863107204437256
CGGCGACTTCTGTGGCCCCG,3.3810815811157227
TGGCCCCGAGGTGATTGCCG,3.559131383895874
GGTGATTGCCGAGGCCGTCA,3.189692497253418
GGTGCTCAAGTCTGTTGCTG,4.836927890777588
GCTGAGGCCTCCGTCATCCC,4.3407793045043945
CTCCGTCATCCCCGGTTCTC,4.476808547973633
TCTGCTGCCCTCCGCCTCTC,4.647708892822266
TTCTCTGCCCGACACCAACG,4.45714807510376
CCCGACACCAACGAGGCGTT,3.5864624977111816
GTACAGACCGAACGCCTCGT,3.327148675918579
ACCGAACGCCTCGTTGGTGT,4.631856441497803
GTCGGGCAGAGAAGCCAGAG,4.261878967285156
GGGCAGAGAAGCCAGAGAGG,3.843428134918213
CAGAGAAGCCAGAGAGGCGG,3.789407968521118
GGGCAGCAGACCCAGAGAAC,4.836083889007568
GCAGCAGACCCAGAGAACCG,4.2297258377075195
ACCCAGAGAACCGGGGATGA,3.348600149154663
CAGAGAACCGGGGATGACGG,4.400541305541992
AACAGACTTGAGCACCTTGA,2.1232810020446777
CTTGAGCACCTTGACGGCCT,3.926603317260742
GACGGCCTCGGCAATCACCT,3.8213415145874023
CGGCCTCGGCAATCACCTCG,3.538888454437256
GCCGAGAAGAACAATCTTCT,2.8197219371795654
AATCTTCTTGGAGTCAGTCT,0.6440637111663818
AGTCTTGGTCTTCTTAGTTT,4.1422529220581055
CTTAGTTTCGGGTTCCATTG,4.655538558959961
GGTTCCATTGTGGATGTGTG,4.617964744567871
GTGTGGTTGTATGTGTGATG,5.108313083648682
TGTATGTGTGATGTGGTGTG,4.7373785972595215
GTGTGTGGAGTGAAAATCTG,3.8205554485321045
GTGGAGTGAAAATCTGTGGC,3.2051267623901367
GCACTTTTGCCCGTGCTATG,4.539562225341797
ACCTCCGAAGATTGTGACTC,4.554731369018555
