Guide,Score
TATAGATAATGCATGAAACA,4.770604133605957
TGCATGAAACAAGGAATAAT,3.5890722274780273
GAATAATCGGAGCCAGTAGA,4.248420715332031
AAGTAGTCAGCCAAAATCCG,4.192444801330566
AGGACTGACAAGTTGTGTAA,4.3517279624938965
CTGACAAGTTGTGTAAAGGA,4.110660552978516
AGGAAGGACAAGTTGTGTAA,4.6808342933654785
AGGACAAGTTGTGTAAAGGA,4.110660552978516
AGGAAGGACAAGTTGTGTAA,4.6808342933654785
AGGACAAGTTGTGTAAAGGA,4.110660552978516
AGGAAGGACAAGTTGTGTAA,4.6808342933654785
AGGACAAGTTGTGTAAAGGA,3.7800369262695312
TTACACAACTTGTCAGTCCT,2.050403118133545
ACTTGTCAGTCCTCGGATTT,3.6977298259735107
CATCATACTGTTCCTTCTAC,4.725995063781738
