Guide,Score
CAGCGCCCAACCCGCGCCGC,1.6150615215301514
CGCCCAACCCGCGCCGCCGG,2.7591893672943115
CCGCCGGCGGTTTTCCGCCG,1.8486238718032837
AAACACCGCAATTGCGCCAA,4.34344482421875
CCCAACAAATGCATGTGAGA,4.542661666870117
ACAAATGCATGTGAGATGGA,2.9717578887939453
ATGTGAGATGGAAGGAGCCC,4.1432108879089355
TGGAAGGAGCCCAGGCACAC,4.581737995147705
TCCAACCGCCCTTATATAGA,3.939455509185791
GAATGTGTAGTTAGTAGATG,3.7169582843780518
AGACAAGTATTCGATTACGT,4.640862464904785
ACAAGTATTCGATTACGTAG,3.5855185985565186
ATTCGATTACGTAGGGGAAG,3.8943979740142822
GGAAGCGGCCCATCTATATA,4.635081768035889
GCGGCCCATCTATATAAGGG,4.344972610473633
CCCATCTATATAAGGGCGGT,1.2772510051727295
GGTTGGAGCACCAGTGTGCC,4.02994966506958
TCCATCTCACATGCATTTGT,-0.19552016258239746
ATGCATTTGTTGGGCTTTTT,2.800607204437256
AGGTTTGACTTGTTGAGAGT,4.662219524383545
ACTTGTTGAGAGTTGGGTTT,1.7785999774932861
GAGTTGGGTTTCGGTGCCAT,3.677454710006714
CGGTGCCATTGGCGCAATTG,2.751455068588257
CGCAATTGCGGTGTTTGCCA,2.5720958709716797
AATTGCGGTGTTTGCCACGG,3.6560726165771484
TTGCCACGGCGGAAAACCGC,3.9010303020477295
CCACGGCGGAAAACCGCCGG,-0.5237867832183838
GCGGAAAACCGCCGGCGGCG,2.075892448425293
AAACCGCCGGCGGCGCGGGT,3.228410482406616
GCGGCGCGGGTTGGGCGCTG,3.2279484272003174
GGCGCGGGTTGGGCGCTGTG,3.1997220516204834
TGGGCGCTGTGGGGGCGTTT,3.081606149673462
GCGCTGTGGGGGCGTTTTGG,0.16627287864685059
